text,label
elmo sanchez,1
romayne trahan,1
esaw magee,1
"bill ogburn, micp",1
ashlyn plaisance,1
matt pittman,1
bryant butler,1
jessie babcock,1
carlene inzenga,1
cameron barnum,1
rick romano,1
"lance ginn, ccim",1
"monty warren, ccim, sior",1
jordan johnson,1
"cres gardner, ccim, sior",1
donald fletcher,1
bill stevenson,1
rebecca guidry,1
molly mcclain,1
chuck mock,1
brandon abdella,1
greg neely,1
andy batson,1
austin lolan,1
linda barbay,1
"patti pizzolato, cpm, acom",1
mallory touchet,1
chief executive officer,0
chief financial officer,0
chief operating officer,0
chief technology officer,0
chief information officer,0
chief marketing officer,0
chief data officer,0
chief human resources officer,0
chief communications officer,0
chief strategy officer,0
chief legal officer,0
chief revenue officer,0
chief product officer,0
chief diversity officer,0
chief compliance officer,0
chief information security officer,0
chief merchandising officer,0
executive vice president,0
senior vice president,0
vice president,0
director,0
manager,0
supervisor,0
team lead,0
analyst,0
specialist,0
consultant,0
coordinator,0
administrator,0
associate,0
gary dolch,1
michelle dolch,1
danelle reimer,1
realtor,0
oscar draguicevich iii,1
realtor,0
jeannie garr roddy,1
luxury real estate advisor,0
tracy noll,1
realtor,0
contact details,0
submit a message,0
executive assistant,0
home,0
about us,0
our team,0
meet the team,0
team members,0
leadership,0
our experts,0
join our team,0
careers,0
contact us,0
company culture,0
our values,0
employee spotlight,0
awards and recognition,0
testimonials,0
clients,0
partners,0
news and updates,0
events,0
blog,0
faq,0
resources,0
gallery,0
social media,0
privacy policy,0
terms of service,0
john doe,1
our team,0
vinit thakur,1
contact us,0
emma smith,1
about company,0
michael johnson,1
customer support,0
emily brown,1
sales department,0
daniel davis,1
marketing campaign,0
sophia lee,1
product development,0
oliver wilson,1
finance team,0
ava anderson,1
human resources,0
william thompson,1
it support,0
sophia martinez,1
quality assurance,0
james johnson,1
research and development,0
mia davis,1
operations manager,0
alexander clark,1
technical lead,0
samantha wright,1
project coordinator,0
logan hall,1
creative design,0
victoria hill,1
content writer,0
benjamin green,1
data analyst,0
nora adams,1
event planner,0
ethan turner,1
logistics specialist,0
chloe white,1
social media manager,0
samuel ward,1
systems administrator,0
lily collins,1
graphic designer,0
david scott,1
public relations,0
sophie bell,1
account executive,0
jackson morris,1
business development,0
evelyn foster,1
legal counsel,0
daniel reed,1
operations analyst,0
grace evans,1
customer success,0
jack cooper,1
ux/ui designer,0
harper murphy,1
data scientist,0
leo richardson,1
product manager,0
aria bennett,1
sales representative,0
henry brooks,1
customer service,0
stella cox,1
financial analyst,0
carter price,1
software engineer,0
avery hill,1
marketing specialist,0
leo coleman,1
it manager,0
luna reed,1
hr coordinator,0
gabriel powell,1
research assistant,0
zoe phillips,1
administrative assistant,0
xavier murphy,1
executive assistant,0
layla butler,1
operations assistant,0
mason adams,1
database administrator,0
bella taylor,1
sales manager,0
nathan turner,1
content manager,0
aiden parker,1
product owner,0
emma roberts,1
pr manager,0
daniel wright,1
business analyst,0
sophia young,1
marketing manager,0
olivia mitchell,1
operations supervisor,0
lucas bennett,1
client services,0
madison phillips,1
account manager,0
jackie foster,1
hr manager,0
connor turner,1
software developer,0
ella ward,1
sales executive,0
noah clark,1
digital marketing,0
mia reed,1
office administrator,0
logan cooper,1
data engineer,0
grace morris,1
brand ambassador,0
joshua richardson,1
ux designer,0
emily lewis,1
project manager,0
liam wilson,1
operations coordinator,0
harper coleman,1
content strategist,0
henry brooks,1
financial advisor,0
charlotte cox,1
copywriter,0
jacob hill,1
technical support,0
amelia murphy,1
product marketing,0
benjamin turner,1
business consultant,0
evelyn adams,1
sales coordinator,0
william wright,1
research scientist,0
sophia taylor,1
event coordinator,0
james hall,1
systems engineer,0
ava reed,1
operations analyst,0
michael white,1
it consultant,0
olivia anderson,1
marketing coordinator,0
lucas evans,1
hr generalist,0
mia richardson,1
quality control,0
logan mitchell,1
customer experience,0
ella foster,1
business manager,0
noah phillips,1
software architect,0
grace bennett,1
brand manager,0
joshua turner,1
digital strategist,0
emily cox,1
product owner,0
liam morris,1
financial analyst,0
charlotte hill,1
content creator,0
jacob coleman,1
technical writer,0
amelia brooks,1
sales analyst,0
benjamin taylor,1
business development manager,0
evelyn wright,1
research analyst,0
william hall,1
systems administrator,0
sophia reed,1
operations manager,0
james white,1
it support specialist,0
ava anderson,1
marketing manager,0
lucas evans,1
hr coordinator,0
mia richardson,1
quality assurance specialist,0
logan mitchell,1
customer support representative,0
ella foster,1
business analyst,0
noah phillips,1
software engineer,0
grace bennett,1
brand strategist,0
joshua turner,1
digital marketing manager,0
emily cox,1
product manager,0
liam morris,1
financial planner,0
charlotte hill,1
content specialist,0
jacob coleman,1
technical consultant,0
amelia brooks,1
sales manager,0
benjamin taylor,1
business operations,0
evelyn wright,1
research assistant,0
william hall,1
systems analyst,0
sophia reed,1
operations supervisor,0
james white,1
it manager,0
ava anderson,1
marketing specialist,0
lucas evans,1
hr assistant,0
mia richardson,1
quality control analyst,0
logan mitchell,1
customer success manager,0
ella foster,1
business development executive,0
noah phillips,1
software tester,0
grace bennett,1
brand ambassador,0
joshua turner,1
james smith,1
john johnson,1
robert williams,1
michael brown,1
william jones,1
david garcia,1
joseph miller,1
charles davis,1
thomas martinez,1
christopher wilson,1
mary moore,1
patricia taylor,1
jennifer anderson,1
linda thomas,1
elizabeth jackson,1
barbara white,1
susan harris,1
jessica martin,1
sarah thompson,1
karen robinson,1
ashley clark,1
emily rodriguez,1
amanda lewis,1
michelle lee,1
melissa walker,1
deborah hall,1
laura allen,1
stephanie young,1
rebecca hernandez,1
sharon king,1
aarav patel,1
vivaan sharma,1
aditya mehta,1
vihaan nair,1
arjun rao,1
sai gupta,1
krishna iyer,1
ishaan verma,1
kabir singh,1
dhruv kapoor,1
aanya reddy,1
saanvi chatterjee,1
ananya desai,1
aarohi bhatia,1
myra joshi,1
shanaya aggarwal,1
anika khanna,1
ira mukherjee,1
anaya ghosh,1
ishita chakraborty,1
tanya shetty,1
diya sinha,1
meera dubey,1
advika saxena,1
pari yadav,1
sara bhatt,1
riya rajput,1
aadhya malhotra,1
sneha goel,1
shruti joshi,1
wei zhang,1
fang li,1
li wang,1
zhao liu,1
zhang chen,1
liu yang,1
chen huang,1
yang zhou,1
huang lin,1
zhou wang,1
mei zhang,1
xia li,1
qing wang,1
jing liu,1
feng chen,1
ling yang,1
hua huang,1
shan zhou,1
ying lin,1
yan wang,1
kwame mensah,1
aminata diallo,1
omar bah,1
fatima jalloh,1
abdul kanu,1
chinwe okeke,1
adebola oladele,1
ndidi nwosu,1
kofi agyekum,1
aisha kamara,1
emeka eze,1
zainab abubakar,1
femi ajayi,1
amara onyeka,1
ibrahim musa,1
musa suleiman,1
ifeanyi nnamdi,1
hawa conteh,1
sani abacha,1
tunde ojo,1
bola fashola,1
ngozi okonjo,1
chika ike,1
sade adu,1
nneka nwankwo,1
ahmed al-farsi,1
mohammed al-hassan,1
fatima al-masri,1
ali al-sharif,1
aisha al-said,1
omar al-nasser,1
zainab al-khatib,1
layla al-farooq,1
yasmin al-zarqawi,1
hassan al-amiri,1
salah al-mutairi,1
khalid al-tamimi,1
amira al-jabari,1
hiba al-najjar,1
yusuf al-qadi,1
mariam al-sheikh,1
nadia al-mahmoud,1
samira al-samarrai,1
noura al-rashid,1
tariq al-badr,1
lukas müller,1
emma schmidt,1
felix weber,1
hannah fischer,1
mia becker,1
liam wagner,1
sophia meyer,1
paul schulz,1
elena koch,1
tom richter,1
marie hoffmann,1
ben wolf,1
jonas bauer,1
anna klein,1
max neumann,1
noah schwarz,1
lea zimmermann,1
leon braun,1
isabella krüger,1
finn hartmann,1
abhishek singh,1
aman gupta,1
harsh kumar,1
ayush yadav,1
aditi pandey,1
anjali mishra,1
shubham srivastava,1
anushka agarwal,1
rohit sharma,1
saurabh verma,1
muskan jaiswal,1
rahul tiwari,1
utkarsh jain,1
vaibhav rai,1
amit tripathi,1
saumya khan,1
rishabh shukla,1
shruti agrawal,1
himanshu dubey,1
kajal rastogi,1
ankit patel,1
gaurav maurya,1
nikhil reddy,1
siddharth saxena,1
prashant kumari,1
priya chaudhary,1
harshit rathore,1
shashank gautam,1
akash pal,1
varun soni,1
yash dixit,1
shreya pathak,1
harshita meena,1
anurag upadhyay,1
vivek sinha,1
swati mehrotra,1
vishal dwivedi,1
aditya kushwaha,1
nidhi raj,1
ayushi aggarwal,1
krishna ali,1
anshika arora,1
sakshi saini,1
shivani vishwakarma,1
prakhar chaurasia,1
mansi tandon,1
tushar alam,1
abhinav sahu,1
shivangi bisht,1
ashutosh chaturvedi,1
adarsh bhardwaj,1
divya goyal,1
piyush tomar,1
pragya ahmad,1
ajay chandra,1
akanksha siddiqui,1
neeraj chauhan,1
ritika patil,1
tanya ojha,1
nisha kashyap,1
arun garg,1
pallavi choudhary,1
aniket mehra,1
nikita kaur,1
vijay nigam,1
ananya bhatia,1
priyanshi rana,1
suraj rawat,1
akshat mehta,1
ishika roy,1
mohit bhatt,1
palak trivedi,1
ankur shah,1
richa rizvi,1
ravi negi,1
arpit pant,1
ankita gurnani,1
shraddha khanna,1
deepak gurubhaiye,1
priyanka singhal,1
khushi ansari,1
shweta vaish,1
kavya bajpai,1
kunal anand,1
dheeraj prasad,1
akshita prakash,1
riya baranwal,1
sneha kapoor,1
pranjal dutta,1
isha panghal,1
sumit chaudhari,1
kishan mustafa,1
pawan barnwal,1
soumya mathur,1
neelesh kesarwani,1
sarthak rajput,1
alok pattnaik,1
raghav prajapati,1
rishi deshmukh,1
pragati azmi,1
shivam chavan,1
lakshya misra,1
ashish kaushik,1
sandeep khandelwal,1
ishita mittal,1
shaurya giri,1
kashish gite,1
vineet goswami,1
mayank narayan,1
jyoti krishna,1
parul nayak,1
shambhavi maheshwari,1
anshu chaubey,1
keshav rao,1
prince raza,1
prakash sachan,1
pratibha varma,1
praveen quraishi,1
priyanshu bhadauriya,1
kshitij arya,1
arushi thakur,1
ishan porwal,1
garima chaurasiya,1
manish awasthi,1
vaishnavi agrahari,1
shreyansh bansal,1
atul anwar,1
sarvesh gurjar,1
vidya rathour,1
shubhangi jha,1
mohsin varshney,1
saran hasni,1
vikash kulal,1
aayush zope,1
akhilesh huque,1
nitin madala,1
himani sonwani,1
sushil bhatnagar,1
vartika kanchapu,1
aviral shinde,1
abdul aenugu,1
sumeet jay,1
prerna gudepu,1
nupur sitaram,1
neha vilas,1
vikas bhaskar,1
vanshika wagh,1
rohan waykos,1
shivansh wathore,1
sunil tyagi,1
juhi bharadwaj,1
nitesh hanif,1
ganesh tibrewal,1
naveen vikram,1
shikhar yamala,1
jitendra suman,1
chirag sura,1
abhay khandekar,1
lucky macharla,1
smriti sugathan,1
manu narala,1
deependra tayde,1
anoop swamy,1
devendra nadhe,1
diksha suresh,1
muskaan banothu,1
divyansh agarawal,1
kushal akhtar,1
nitish asthana,1
preeti chary,1
anand shahi,1
hemant gaur,1
amol shrivastava,1
sonal chopra,1
rishab dasila,1
shashwat yaddanapudi,1
shatakshi teja,1
supriya bano,1
anchal behuria,1
simran ahuja,1
srijan chawla,1
ashwani tewary,1
stuti seth,1
abhijeet ranjan,1
harshvardhan keshari,1
ajit sandilya,1
poornima balot,1
anil balmiki,1
mahendra deo,1
ahmad kannaujia,1
shalini bhat,1
abhijit bhasin,1
suyash ahmed,1
sanskriti manchanda,1
danish nanwani,1
tamanna dahiya,1
unnati dhiman,1
sachin hanul,1
anupam singam,1
shailesh grover,1
shoaib bhukya,1
vishnu shoaib,1
surya pawar,1
pankaj nag,1
kaif kanojia,1
pooja sagar,1
gayathri dutt,1
pradeep priyadarshini,1
ritu khare,1
dinesh khatoon,1
shriya kukreja,1
tharun mukherjee,1
karan baghel,1
kiran keshri,1
tarun shivastava,1
samarth dohrey,1
ruchi dhindhwal,1
udit dhamane,1
rashi malwan,1
shailendra garud,1
sameer gangwar,1
shubhi gaikwad,1
siddhant chandran,1
mahi chakma,1
kanika bugalia,1
aishwarya nadaf,1
rajat desabathula,1
rituraj dagade,1
naman dadarwal,1
mukesh khobragade,1
roshan mourya,1
nandini katta,1
rashmi kochar,1
vigneshwaran mani,1
kriti kori,1
arpita koppula,1
divyanshi jajoo,1
yogesh haokip,1
deepika gutti,1
astha jivani,1
sanjay katiyar,1
mahek karkhele,1
narendra kamble,1
ekta souza,1
adil vashisth,1
ritesh goel,1
bhumika hansdah,1
samriddhi khokhar,1
anmol sikarwar,1
aayushi indora,1
akshay bistagond,1
shekhar bapna,1
amisha zaidi,1
amrita chahal,1
sekhar gill,1
kundalik chouhan,1
durga sutariya,1
apurva singhania,1
alka solanki,1
indora ray,1
aqsa quadiri,1
anwar bhushan,1
apratim akolkar,1
hasni putta,1
dalia tewari,1
aadharsh sekhar,1
amarnath kothari,1
bramoni panesar,1
nethaji sonkar,1
chetna pradhan,1
aastha rehman,1
aakriti kancharla,1
abhyuday randhawa,1
akarsh raman,1
navneet parashar,1
om kasaudhan,1
swapnil palata,1
akhil mohandas,1
madhav munir,1
divyam dwevedi,1
kirti mhaske,1
annanya jauhari,1
arunima prabhu,1
niteesh priyadarshi,1
nithisha malviya,1
sandhya pasupuleti,1
uttam malekar,1
vatsalya mandadi,1
aparna mahawar,1
disha pareek,1
seema rakhecha,1
suryansh rajendra,1
yashaswi meghwal,1
avinash nalla,1
smita shahid,1
subhra shiromani,1
tuhin chellani,1
arti saran,1
aakash sarma,1
ayan sen,1
aryan nandanwar,1
vertika sengar,1
umme magdum,1
yukti raykar,1
vishesh oswal,1
ayushman sah,1
geeta jafri,1
divyanshu rausa,1
jaswant sain,1
hemanshu hasnain,1
bhoopendra wasif,1
bhawana afreen,1
divakar barman,1
dimpal ataher,1
shrestha gond,1
shivanshi barai,1
shubh athar,1
shreyash bais,1
satyarth ahamad,1
satyam shrivastav,1
shilpa baiswar,1
shikha shivagauri,1
soniya aggrawal,1
tanay chirag,1
sushant chhateja,1
ujjwal barnawal,1
tanu vaishnavi,1
subham kalra,1
srishti gakhar,1
suryakant chitranshi,1
sudhanshu chowdhury,1
shivang aftab,1
shilpi wadhawan,1
sourabh vasistha,1
sonu waseem,1
shakti balkoty,1
satendra azam,1
shaqib arif,1
shalu sarawagi,1
sudheer purwar,1
vipul bhalla,1
vipin sarraf,1
yashika tanu,1
virat dev,1
varsha sasidharan,1
sunny uppal,1
vineeta lakhmani,1
vibhanshu thawani,1
monti kansal,1
minakshi lamba,1
nitikarsh talwar,1
mugdha nigan,1
madhu maddeshiya,1
khanak bhriguvanshi,1
megha malik,1
manya priya,1
pakhi poddar,1
ranu pokhriyal,1
purvi rajesh,1
sapna rauniyar,1
saloni pundir,1
prachi rajak,1
poonam majeed,1
purnima parween,1
prajjwal nath,1
satya asija,1
vandana motwani,1
tanishq parihar,1
amaan patra,1
yuvraj anjum,1
saurav pallav,1
sanjeev sahai,1
simaran aleem,1
shrishti aishwary,1
amrit azhar,1
arman upreti,1
archana zehra,1
avanish warsi,1
yusuf afsar,1
anubhav virani,1
anita srivastav,1
anupriya shekhar,1
anukriti shingh,1
kritika sareen,1
jaya sawlani,1
namrata sirohi,1
kushagra sonker,1
hariom anam,1
gargi siraj,1
janvi jawed,1
jai johari,1
naziya shandilya,1
ragini israni,1
priyam kalsi,1
sania kanchhal,1
sangeeta juned,1
nimish kairati,1
nimesh gujrati,1
prabhakar choubey,1
nivedita shankdhar,1
neetika chandel,1
monu chetan,1
pankhuri dikshit,1
nilesh fatima,1
mallika jaitley,1
mahima juneja,1
mehak kasera,1
manshi lockwani,1
prakhyat mahalka,1
saket kulsum,1
rishika kwatra,1
satvik malhotra,1
sanskar masood,1
prateek rizwan,1
prarthana mahmood,1
rekha rungta,1
pratham saluja,1
devanshu kewlani,1
devansh sanwal,1
dolly kavi,1
dhruv khatri,1
deeksha kidwai,1
bhavya ruqaiya,1
dev keshwani,1
deepali chakrabortty,1
faizan durgavanshi,1
khushboo bindal,1
karishma bhattacharjee,1
madhuri bhattacharya,1
maaz devi,1
jahnavi dhaka,1
jahanvi das,1
kamran chhipa,1
kamini darshan,1
rana belide,1
sidhi ganapathy,1
hartesh ashraf,1
mrithyunjay alwadhi,1
nishtha adhaulia,1
dilip adhya,1
ramanakanth bapat,1
durgesh behura,1
dipa baliga,1
rohith atri,1
jagadeesh attraa,1
indu inavolu,1
shyam islam,1
shreyas hasija,1
indra gomashe,1
sasi guduri,1
arvind jushantan,1
kartik kar,1
kartikeya joseph,1
chaitanya jagaragallu,1
mani jose,1
sukirti ghosh,1
subodh fathima,1
surendra francis,1
ashok dinu,1
suresh dhaulakhandi,1
karthikeya dhinoja,1
lalit gayathri,1
urmila gehlot,1
sudhakar durgavansh,1
dhruva gadge,1
dhananjay gangwal,1
rama jagtap,1
raj jeykumaran,1
chinmay hosur,1
chahat kushalappa,1
sourav heblikar,1
desh kulkarni,1
raashi kisshan,1
ram kasniya,1
laxmi machhan,1
krishan sarath,1
yatharth jhindal,1
mridul chechani,1
vinay subbapati,1
sreekanth murlidhar,1
sweta ritikesh,1
thaanya iqbal,1
rakesh sonawane,1
pinky sankary,1
raju jodha,1
rajiv rishiraj,1
rajkumar wanve,1
pushkar waybhase,1
asutosh venkateshwaran,1
pradip theratipally,1
mrityunjay tulshidas,1
kavish parul,1
monica kishor,1
sabareesh meharda,1
lakshmi mahajan,1
love lavudya,1
lekhraj machra,1
sahil nischal,1
seshikanth omkar,1
kalpana nagoria,1
santosh rasheed,1
kapil rawlani,1
subash pravesh,1
raunak navas,1
mangal praveenchand,1
tejas shokeen,1
mayur shrivas,1
ravisankar shankar,1
mahesh saraf,1
mahato selvaraj,1
aaryan mann,1
manas jadhav,1
surbhi jamloki,1
deepshikha guha,1
amar ganguly,1
anuj ganore,1
siddhesh lalchandani,1
venkata maddipatla,1
renu kotturu,1
farhan jassal,1
vignesh khaliq,1
abhimanyu jindal,1
faraz kanchan,1
bilal govil,1
abhilash dahlan,1
vaishali dudeja,1
apoorva tekchandani,1
hemlata umar,1
aanchal sood,1
sathwika naqvi,1
deepa samdharshni,1
utkarsha bhadauria,1
deep bhadouriya,1
dushyant taneja,1
anshuman swain,1
sukumaran surabhi,1
chandran suri,1
anshul veerepalli,1
saanchi vishal,1
aadil unnikrishnan,1
ali tangirala,1
nishant tidke,1
aaditya nagraj,1
vipasha nair,1
abbas naaz,1
anubha mitra,1
chandra mukhopadhyay,1
ayesha palisetti,1
rizwa paul,1
sanjeeda paighan,1
devadathan nandakumar,1
vardhamann nasreen,1
sairam middinti,1
abhedhya mahapatra,1
gnaneswar manchikanti,1
sara mahankali,1
rupal madaan,1
sahaj madina,1
robin mehendale,1
rupanjali menon,1
rupeshwary manna,1
brahmaputra mangla,1
hariharan manju,1
pranav sundar,1
babu tejaswini,1
bibhu suchi,1
chirayu shenoy,1
sameeksha sivan,1
ashmita bhal,1
chhavi bhorkhade,1
shreepriya baddur,1
nahid varghese,1
sharique anupama,1
anusha shaji,1
anunay puri,1
vidit purkayastha,1
shwetanshi preetham,1
anshit pereddy,1
anubhuti prasath,1
vashif sasanka,1
jahangeer sehgal,1
sharanya sarnobat,1
saudamini samaddar,1
arshad saraswat,1
bai qing,1
cai bo,1
cao fang,1
chang hui,1
chen li,1
cheng qing,1
cui jing,1
dai jing,1
deng bo,1
ding qing,1
dong wei,1
du fang,1
duan li,1
fan wei,1
fang qing,1
feng hui,1
fu jing,1
gao jing,1
gong xia,1
gu fang,1
guo ling,1
han ying,1
hao qing,1
he xia,1
hou wei,1
hu li,1
huang jing,1
jia bo,1
jiang li,1
jin ying,1
kang ling,1
kong jing,1
lai li,1
li qing,1
liang wei,1
lin li,1
liu fang,1
long fang,1
lu hui,1
luo qing,1
ma fang,1
mao li,1
meng xia,1
pan li,1
peng bo,1
qian qing,1
qiao wei,1
qin wei,1
qiu jing,1
ren bo,1
shao bo,1
shen hui,1
sheng jing,1
shi qing,1
song li,1
su fang,1
sun fang,1
tan jing,1
tang ling,1
tian qing,1
wan wei,1
wang li,1
wei li,1
wen hui,1
wu xia,1
xia qing,1
xiao li,1
xie xia,1
xiong ling,1
xu ying,1
xue jing,1
yan li,1
yang xia,1
yao xia,1
ye wei,1
yi xia,1
yin ying,1
yu ling,1
yuan qing,1
zeng li,1
zhang jing,1
zhao jing,1
zheng ying,1
zhong hui,1
zhou ying,1
zhu ying,1
zou xia,1
mississippi music,0
drum partner australia,0
nuclear,0
abbas music,0
supra odp awarded new university wide,0
stay,0
advice planning,0
culture compassion and cash,0
colorado springs co,0
solar,0
on demand webinars,0
general guidelines for sustainable,0
russia,0
knee pads,0
fall plant sale save,0
local hotels,0
learn more,0
store,0
post travel guide,0
watches,0
raleigh nc,0
why choose us,0
swatches,0
contact us,0
wheeling veterinary associates,0
search,0
activities,0
fitness,0
emergency numbers,0
industries,0
groth music,0
drum world,0
computing consolidation initiative,0
sales tax exemption,0
louisville ky,0
the music bureau,0
samples,0
le meridien denver,0
professional music center,0
podcast shiny object syndrome,0
myr multimedia,0
auto window tinting,0
newsfeed half of americas,0
company,0
faq,0
the dollar under attack,0
best sellers,0
mint brownie chunk puff,0
engines,0
bags,0
simulation,0
foundation finder,0
view all,0
inlet valves hose,0
materials,0
media,0
manufacturing,0
newsletters and event resources,0
africa,0
vp vpc series,0
gallery,0
lsv nev,0
performance,0
entertaining,0
contact us,0
kansas,0
formation pad integrated girdle,0
markets,0
lips,0
low income spay neuter,0
ascendion leads the charge,0
financial counseling,0
all music all art,0
nantucket sound,0
read press release,0
wellness exams,0
about us,0
high octane fuels,0
audi a,0
urban air mobility,0
zero backlash robotic gearboxes,0
court ordered community service,0
hockey,0
australia,0
ahold delhaize usa nombra,0
sweetwater,0
sph inline helical,0
outsourced sales,0
iv clip inlet,0
kentucky,0
blog,0
faq,0
north carolina,0
cities,0
draisen edwards music,0
mayfaire international dr,0
oil and gas investing,0
na ion,0
employment law,0
supra and odp business,0
cuisine,0
hydrogen,0
cookies n cream chunk,0
honda accord,0
newsletter signup,0
do not sell my,0
leadership,0
size kits,0
sleeping bag launch display,0
board of directors,0
air operated pneumatic,0
rails and rail systems,0
hydrogen production,0
global delivery hubs,0
virtual financial center,0
company,0
cigar cutters,0
recycling,0
smart,0
mobile apps,0
planter arrangements,0
outerwear,0
diversions,0
careers,0
it is with great,0
uniforms,0
bio hydrocarbons,0
soundcheck houston,0
read more,0
track your order,0
distance couplings,0
electric battery,0
finance,0
team,0
rhode island,0
accessories,0
tenant portal,0
cookie policy,0
missouri,0
self guided product tour,0
film anchor window systems,0
simplify azure virtual desktop,0
member directory,0
whole tone guitars,0
submit a concern,0
ai,0
britten norman announces unleaded fuel,0
read more,0
magee homesteadaccommodations,0
oil sands,0
read more,0
mum fall red from,0
bethenny frankels natural everyday,0
swicegood music,0
support,0
the music shoppe,0
listen,0
australia,0
payment integrity,0
visitor information,0
enerkem and technip energies,0
men s shorts,0
leadership,0
sideline pinnies,0
biorefinery,0
comprehensive category strategies are,0
news,0
digital workforce transformation,0
software defined manufacturing,0
custom samples,0
chevalier productions,0
power generation,0
additives,0
driver assistance systems,0
motor city music,0
helpful links,0
newsletters,0
auto loans,0
our solutions,0
sound tech,0
my blog,0
thought leadership,0
privacy,0
bases,0
atlanta market report,0
feedback,0
request information,0
do not sell my,0
universal pre k,0
insuring,0
bjorn riiber,0
real estate,0
healthcare,0
pre season practice football,0
music inc of louisiana,0
guitar center,0
lockport drum shop,0
i lost a pet,0
mobile phone program,0
non contracted dbe suppliers,0
electrofuels,0
player,0
corporate governance,0
dog bakery,0
private equity investment bank,0
bmw,0
how we deliver,0
about us,0
medicine bow creamery,0
nets,0
diversity initiatives,0
lunar series,0
counts brothers music,0
officials,0
atl drum collective,0
tires,0
markers cones,0
japan,0
legal,0
terms conditions,0
ai,0
chicago il,0
claims and administration innovative,0
estrategias centradas en el,0
alexandria music co,0
midtown music,0
nornickel sells us based metals,0
earcraft music,0
foundries and mines,0
directions,0
high octane fuels,0
insights,0
field flags,0
locations,0
holsters,0
metal fabrication,0
get started,0
the generative enterprise is,0
escaparate,0
rhode island,0
coaching,0
ai arbitrage is the,0
brief,0
allegro music,0
gardening for kids,0
professional services,0
greenlight medical gets perfect,0
samples,0
hot deals,0
photos with santa paws,0
business online banking,0
lonely hearts sponsorship,0
a max music,0
ridesharing,0
coal,0
men s t shirts,0
catering,0
batting tees,0
site map,0
bags,0
healthcare life sciences,0
sideline,0
volvo s,0
outside submissions,0
quinlan fabish music,0
forms,0
allison transmission partners with,0
jobs,0
lfg,0
get involved,0
site map,0
drummers warehouse,0
on demand webinars,0
applied ai,0
gift cards,0
sizing tool,0
big muddy blues festival,0
annual report,0
accessories,0
austin guitar house,0
series,0
privacy policy,0
lemur music,0
vc series mini spiral bevel,0
seller login,0
robert m sides,0
sallow skin,0
spotlight music,0
hugo helmer music inc,0
our brands,0
podcast opportunities and challenges,0
central vacuum systems for,0
hose tool kits,0
car sharing,0
resources,0
audi,0
about,0
jacobsen music,0
alternative suppliers,0
deal of the day,0
dermatology mohs,0
gasification,0
dynamic percussion,0
arpa i,0
site map,0
terms,0
residential assisted living national,0
leg guards,0
marketing support leverage omnichannel,0
bergsten music,0
website terms of use,0
deepwater,0
think inside and outside,0
zf and infineon develop,0
last chance,0
samples,0
advantage music,0
privacy policy,0
savings,0
turning a tax problem,0
strategic advisory,0
in stock arrangements,0
get startedarrow right,0
racing,0
gasification,0
misin,0
outerwear,0
retail and consumer goods,0
products,0
volvo,0
american music,0
commercial litigation,0
apex basketball,0
t shirts,0
physical precious metals a,0
aluminum tool board for,0
expedited delivery,0
university wide contracted suppliers,0
lacrosse sticks,0
auto loan refinance,0
kansai soccer ball,0
protective,0
beauty spot,0
ha adapter,0
virtual financial center,0
honda cr v,0
sideline,0
outerwear,0
resources,0
underwriting process,0
dave phillips music,0
flint hills music,0
read more,0
clutch,0
newsfeed new irs migration,0
andy owings music,0
third rock music center,0
practice pinnies,0
nys donate life registry,0
cigar accessories,0
onboarding kyb,0
recommend a business,0
broker program,0
read more,0
top questions to,0
cookie policy,0
chrysler,0
pollinator garden,0
become asg dealer,0
t shirts,0
our data,0
about,0
executive business data solutions,0
credit scores,0
biomethane,0
eugene j schiltz,0
borrowing,0
cv x,0
business high yield money market,0
gift card from,0
photo credits,0
solid state,0
baked blush n brighten,0
wind turbine blade manufacturer,0
bill cairos drum house,0
rhythm traders,0
the corporate transparency act,0
boxwood northern charm from,0
outerwear,0
ward brodt music,0
radioactive materials,0
texas,0
blaster devil,0
brents music,0
arco wand mh series,0
website terms of use,0
c m music center,0
leather interior,0
music and arts center,0
canada,0
browse cemeteries,0
men s jerseys,0
hubbards music,0
read more,0
book your travel,0
epl h and epr h hollow,0
missouri,0
belize market overview video,0
accessibility disclosure,0
meals,0
teen checking,0
accessories,0
b v,0
coconut bar,0
new year s celebrations,0
smr,0
our destination,0
pipe lighters,0
west virginia,0
get a demo,0
little rock market report,0
audi q,0
samaritan unveils expanded emergency,0
mobility,0
net accounts,0
contact us,0
body parts,0
new artwork presented to,0
goalie apparel,0
magnolia music,0
clients,0
news insights,0
ford,0
history,0
kajal longwear mascara,0
mississippi,0
phoenix metro market report,0
leg guards,0
double chocolate bar,0
terms conditions,0
spackle primers,0
custom samples,0
eyes,0
percussion center,0
services,0
catcher s gear,0
cmo celebran la navidad,0
merchant cash advance,0
car buying tips,0
internships,0
elbows,0
home,0
about us,0
phoenix az,0
hill music,0
order history,0
program benefits,0
avd modeler,0
maine,0
apply for financing,0
eld reference,0
quick pre qualify,0
life insurance,0
power plants,0
musicians friend,0
events,0
volvo trucks ramps up,0
summit studios,0
last chance,0
larsen music,0
cre capital leasing,0
gas to liquids gtl,0
graphene,0
tactical gear,0
my cart,0
swatches,0
shawn riley,0
terms and conditions,0
about us,0
caps visors,0
fertilizers amendments,0
terms of use,0
about us,0
ribbon cutting for tomorrow s,0
market background,0
patios pooldecks fencing,0
shreveport music co inc,0
abasto,0
for parents and staff,0
baseballs,0
refund policy,0
training,0
financial and insurance,0
modern drums,0
hedge fund asset,0
the acoustic shoppe,0
bags,0
women s jerseys,0
na ion,0
thermoelectrics,0
cigar lighters,0
public accounting,0
umpire,0
hydration walls,0
long term care,0
five reasons to invest,0
player,0
series,0
wind,0
outerwear,0
cap sample kit,0
sauces seasonings,0
custom samples,0
buds music center,0
biomass,0
toyota highlander,0
killough shooting sports,0
site map,0
bruno brothers music,0
interest only loans pros,0
competitive edge,0
partner case study,0
medical bill review,0
black carbon,0
bank at work,0
mum fall hardy pink,0
epl inline planetary,0
shopping consultation,0
event sponsorships,0
firewood accessories,0
kits,0
mobile terms,0
pickin palace,0
the musicians den,0
video tour,0
flux recovery hose smoothbore outside,0
drummers den,0
startup loans,0
industria de lcteos,0
faqs,0
north carolina,0
calendar,0
reciba noticias diarias,0
work for asg,0
insurance industry,0
indiana,0
careers,0
search,0
klash drums,0
imaging radiology,0
online licensing,0
supplier led sustainability programs,0
contact parts,0
conferences and other events,0
custom design vacuum systems,0
skip to main content,0
remote deposit for business,0
autumnfest of the ozarks,0
everyday carry,0
oil,0
training,0
replay music exchange,0
more,0
lng,0
toshiba introduces automotive photocoupler,0
sight sound,0
city car,0
innovation,0
retail academy la ayuda,0
about,0
light machine guns,0
facial cleansers exfoliators,0
pantherexpress system downtime beginning,0
drumstop pr,0
cemeteries,0
c stop,0
checkbook ira checkbook llc,0
redwood music mart,0
el de la,0
holders hangers,0
apparel,0
midwest music,0
weddings,0
barrel extension tubes adaptors,0
algal fuels,0
laura geller accessibilty statment,0
history,0
view recent posts,0
training,0
cheyenne club restaurant,0
cult classics full face,0
frequently asked questions,0
email preferences,0
lumberton office phone number,0
massachusetts,0
communication media and entertainment,0
resources,0
other asia,0
about the farm,0
cart,0
subaru and panasonic exploring,0
resilience,0
join our team,0
wound care,0
traditional manufacturing,0
the new icons kit,0
register now,0
arco wand dmh series,0
tower seats,0
fostering,0
china classification society accelleron,0
discover,0
products,0
forks drum closet,0
the antilawyers guide to,0
automotive parts manufacturer case,0
meet our staff,0
oklahoma,0
mum fall pink from,0
scrimmage pinnies,0
toyota prius,0
drum bazar,0
business grants,0
cart,0
our competitive advantage,0
msp training camp,0
newly planted coconuts in,0
procurement specialist rc assignments,0
careers,0
accommodationslodge spamagee homesteadfrench,0
request a demo,0
resps,0
the music center,0
infrastructure,0
powerlift elevator series,0
terms conditions,0
biomethane rng,0
ordering info,0
skips music,0
privacy policy,0
get started,0
patient privacy,0
birding,0
hmi,0
taylor music inc,0
my cart,0
build your own box,0
job opportunities,0
can i pay off,0
in tune rentals,0
nitro throne,0
musik olar ag,0
vermont,0
credit cards,0
careers,0
all cars for sale,0
neosho dogwood tour,0
anti graffiti film and coatings,0
may,0
furniture sale,0
protecting yourself,0
boxwood green velvet from,0
texas,0
government healthcare solutions,0
february,0
denis musique,0
website feedback,0
sitemap,0
podcast ask the guys,0
store locator,0
yamaha music japan co ltd,0
humane education,0
business directory,0
brain injury support group,0
lafayette music,0
cabinets,0
skip to main content,0
aiming devices mounts,0
future of money and,0
mapping,0
ha adapter,0
power to liquids,0
goals nets,0
atms locations,0
accessories,0
royalton music center,0
apply to join,0
the white family,0
ultrair,0
smile gallery,0
tour supply inc,0
service and parts tips,0
evgo and gm to,0
infants,0
les s sliced beef brisket,0
regulations,0
bi fold,0
plant warranty policy,0
contact us,0
the candy man,0
hose vacuum tools,0
about,0
surge,0
map,0
engineering design,0
custom samples,0
all topics,0
member to member deals,0
sound systems more,0
fuels,0
weight reduction,0
kicking tees,0
what we do,0
re percussion,0
rimshots pro drum center,0
academy of percussive arts,0
bellevue american music,0
pistols,0
cost estimator for msps,0
long mcquade,0
closets,0
view more,0
new products,0
steve weiss music,0
about us,0
banking financial services,0
richmond music,0
become a nvp,0
enzymes,0
industries,0
transmissions,0
boxwood,0
shopping,0
stock samples,0
latin america,0
about,0
update company profile,0
flowering indoor plants,0
anthony santiago,0
belts,0
men s uniforms,0
chalet wholesale program,0
sprague introduces renewable diesel,0
graduate medical education,0
community,0
climate change,0
new gsl strain wave,0
rates calculators,0
automated document solutions,0
hoffman music co,0
certifications,0
calculators,0
why build to rent,0
planting your flag in,0
noon hour pickled herring,0
coupe for sale,0
wisconsin,0
fred pierce drum,0
blog,0
video gallery,0
adopt a pet,0
the case for real,0
salon policy,0
about us,0
atlanta field trip,0
decorative film,0
contact us,0
magee homestead,0
backbeats drum backline,0
contact us,0
solar fuels,0
polar,0
equipment,0
hr management and workforce,0
double ys,0
blue mountain guitar,0
cork screws,0
guitars etc oh,0
products,0
cks drum shop llc,0
tuscaloosa music services,0
arco wand p electric,0
events,0
rock bottom music,0
my account sign in,0
jaws guitars,0
c m music center mandeville,0
